Equipo,Pts_esp,GF_esp,GC_esp,Grupo,Pos
Ivory Coast,4.13,4.24,4.3,E,3
Egypt,4.05,3.91,4.02,G,3
Canada,4.02,3.73,3.89,B,3
Norway,3.61,3.93,5.38,I,3
Algeria,3.39,3.21,4.92,J,3
Australia,3.21,3.2,4.6,D,3
Czech Republic,3.07,2.91,4.54,A,3
Sweden,2.99,3.01,4.86,F,3
Scotland,2.94,3.02,5.3,C,3
Panama,2.16,2.42,6.39,L,3
Saudi Arabia,2.13,2.24,7.29,H,3
DR Congo,1.94,2.4,7.56,K,3
